id_protein,protein_name,tags,tags_reason,tags_description,protein_multidata_id
0,ESR1_HUMAN,,,,0
1,RORB_HUMAN,,,,1
2,ABCA1_HUMAN,,,,2
3,NR1H3_HUMAN,,,,3
4,GCR_HUMAN,,,,4
5,TAFA5_HUMAN,,,,5
6,PROCR_HUMAN,,,,6
7,TAFA4_HUMAN,,,,7
8,G37L1_HUMAN,,,,8
9,NR1H4_HUMAN,,,,9
10,AMRP_HUMAN,,,,10
11,RENR_HUMAN,,,,11
12,ANDR_HUMAN,,,,12
13,NXNL1_HUMAN,,,,13
14,NR1H2_HUMAN,,,,14
15,RORA_HUMAN,,,,15
16,THA_HUMAN,,,,16
17,RORG_HUMAN,,,,17
18,GP15L_HUMAN,,,,18
19,TSP2_HUMAN,,,,19
20,FRIH_HUMAN,,,,20
21,MCR_HUMAN,,,,21
22,PPARG_HUMAN,,,,22
23,PRGR_HUMAN,,,,23
24,THB_HUMAN,,,,24
25,FRIL_HUMAN,,,,25
26,PPARD_HUMAN,,,,26
27,NR1I2_HUMAN,,,,27
28,ESR2_HUMAN,,,,28
29,TAFA1_HUMAN,,,,29
30,VDR_HUMAN,,,,30
31,PPARA_HUMAN,,,,31
32,5HT3E_HUMAN,,,,32
33,CO6A6_HUMAN,,,Collagen,33
34,CO6A5_HUMAN,,,Collagen,34
35,KLRF2_HUMAN,To_comment,Extracellular_add,,35
36,HLAA,,,,36
37,HLAB,,,,37
38,HLAC,,,,38
39,SUPYN_HUMAN,,,retrovirus,39
40,FZD9_HUMAN,To_comment,Extracellular_add,,40
41,CCL24_HUMAN,,,,41
42,LEG9_HUMAN,To_comment,secretedhigh_add | peripheral_add,Ligand for HAVCR2/TIM3 (uniprot),42
43,TR10A_HUMAN,To_add,,TNF_receptor_add (uniprot),43
44,CORT_HUMAN,,,,44
45,BMR1B_HUMAN,,,,45
46,SIRB1_HUMAN,To_add | To_comment,Receptor_add,Iglike | Receptor_add,46
47,AGRP_HUMAN,,,,47
48,LFTY2_HUMAN,,,,48
49,TULP1_HUMAN,,,,49
50,TR11B_HUMAN,,,,50
51,CCRL2_HUMAN,,,,51
52,GFRA2_HUMAN,,,,52
53,AGRIN_HUMAN,,,,53
54,DLL1_HUMAN,,,,54
55,CXCR6_HUMAN,,,,55
56,RNT2_HUMAN,,,,56
57,CCL21_HUMAN,,,,57
58,ACKR2_HUMAN,,,,58
59,PODXL_HUMAN,,,Migration,59
60,CCL22_HUMAN,,,,60
61,WNT7A_HUMAN,,,,61
62,NRG2_HUMAN,,,,62
63,CXL11_HUMAN,,,,63
64,TR10B_HUMAN,To_add,,TNF_receptor_add (uniprot),64
65,NRP1_HUMAN,,,,65
66,TNF11_HUMAN,,,,66
67,GDF8_HUMAN,,,,67
68,TR10C_HUMAN,,,,68
69,TR13B_HUMAN,To_add,,TNF_family (uniprot),69
70,WNT9A_HUMAN,,,,70
71,WNT9B_HUMAN,,,,71
72,NCTR3_HUMAN,To_comment,Extracellular_add,,72
73,EREG_HUMAN,,,,73
74,PLXB2_HUMAN,,,,74
75,SEM3E_HUMAN,,,,75
76,ANGP2_HUMAN,,,,76
77,MUSK_HUMAN,,,,77
78,EPHB6_HUMAN,To_remove,,no ensembl,78
79,GPR37_HUMAN,,,,79
80,CCL25_HUMAN,,,,80
81,CCL16_HUMAN,,,,81
82,FGF10_HUMAN,,,,82
83,PLXB1_HUMAN,,,Migration,83
84,MTLR_HUMAN,,,,84
85,DHH_HUMAN,,,,85
86,TNF12_HUMAN,,,,86
87,GON2_HUMAN,,,,87
88,TNF14_HUMAN,,,,88
89,GALR2_HUMAN,,,,89
90,OREX_HUMAN,To_add | To_comment,secreted_add | extracellular_add,Genecards: hypothalamic neuropeptide precursor protein,90
91,OX1R_HUMAN,,,,91
92,OX2R_HUMAN,,,,92
93,TYOBP_HUMAN,To_add,,complex,93
94,VEGFD_HUMAN,,,,94
95,EFNA2_HUMAN,To_comment,extracellular_add,ligandIUPHAR,95
96,CXL13_HUMAN,,,,96
97,FGF17_HUMAN,,,,97
98,FZD6_HUMAN,To_comment,Extracellular_add,,98
99,GDF9_HUMAN,,,,99
100,NRP2_HUMAN,To_add | To_comment,secretedhigh_add,High affinity receptor for semaphorins | Growthfactor (uniprot),100
101,DSCAM_HUMAN,,,,101
102,PLXC1_HUMAN,To_add | To_comment,transmembrane_add | receptor_add | extracellular_add,"Uniprot: Receptor for SEMA7A, for smallpox semaphorin A39R, vaccinia virus semaphorin A39R and for herpesvirus Sema protein",102
103,CUBN_HUMAN,,,,103
104,PSPN_HUMAN,,,,104
105,GFRA3_HUMAN,,,,105
106,GALR3_HUMAN,,,,106
107,RAMP1_HUMAN,To_add,,complex,107
108,RAMP2_HUMAN,To_add,,complex,108
109,RAMP3_HUMAN,,,,109
110,PLXA2_HUMAN,,,,110
111,FZD7_HUMAN,To_comment,Extracellular_add,,111
112,SLIT1_HUMAN,,,,112
113,LRP4_HUMAN,To_add,,ligandIUPHAR,113
114,ICOSL_HUMAN,To_add|To_comment,Extracellular_add,Iglike,114
115,LRP5_HUMAN,To_add | To_comment,extracellular_add,Component of the Wnt-Fzd-LRP5-LRP6 complex (uniprot),115
116,SEM7A_HUMAN,,,Possible_receptor,116
117,LGR5_HUMAN,,,,117
118,TNR21_HUMAN,,,,118
119,ITA10_HUMAN,To_add,,Integrin (uniprot),119
120,LRP6_HUMAN,,,,120
121,LFTY1_HUMAN,,,,121
122,TNF13_HUMAN,,,,122
123,SLIT2_HUMAN,,,,123
124,DKK1_HUMAN,,,,124
125,S1PR2_HUMAN,,,,125
126,TNF15_HUMAN,,,,126
127,UNC5C_HUMAN,,,,127
128,I18RA_HUMAN,To_add,,Iglike,128
129,5HT3B_HUMAN,,,,129
130,GDF11_HUMAN,,,,130
131,BMP10_HUMAN,,,,131
132,UTS2_HUMAN,,,,132
133,TNF6B_HUMAN,,,,133
134,NET1_HUMAN,,,,134
135,CXL14_HUMAN,,,,135
136,CRTAM_HUMAN,To_add | To_comment,Extracellular_add,Iglike | Possible_receptor,136
137,FGF19_HUMAN,,,,137
138,IL33_HUMAN,,,,138
139,GPR75_HUMAN,,,,139
140,CER1_HUMAN,,,,140
141,GLP2R_HUMAN,,,,141
142,BY55_HUMAN,,,,142
143,BMP15_HUMAN,,,,143
144,WNT11_HUMAN,,,,144
145,EGFR_HUMAN,,,,145
146,THRB_HUMAN,,,,146
147,FA10_HUMAN,,,,147
148,PLMN_HUMAN,,,,148
149,UROK_HUMAN,,,,149
150,RENI_HUMAN,,,,150
151,ANGT_HUMAN,,,,151
152,CO3_HUMAN,,,,152
153,CO5_HUMAN,,,,153
154,KNG1_HUMAN,,,,154
155,PDGFB_HUMAN,,,,155
156,EGF_HUMAN,To_add | To_comment,secreted_add | secreted_high| extracellular _add,Uniprot: EGF stimulates the growth of various epidermal and epithelial tissues in vivo and in vitro and of some fibroblasts in cell culture.,156
157,TGFA_HUMAN,,,,157
158,TGFB1_HUMAN,,,,158
159,NGF_HUMAN,,,,159
160,GON1_HUMAN,,,,160
161,ANF_HUMAN,,,,161
162,NEU1_HUMAN,,,,162
163,NEU2_HUMAN,,,,163
164,COLI_HUMAN,,,,164
165,PENK_HUMAN,,,,165
166,PDYN_HUMAN,,,,166
167,TSHB_HUMAN,,,,167
168,FSHB_HUMAN,,,,168
169,LSHB_HUMAN,,,,169
170,PRL_HUMAN,,,,170
171,SOMA_HUMAN,,,,171
172,SOM2_HUMAN,,,,172
173,CALC_HUMAN,,,,173
174,THYG_HUMAN,,,,174
175,PTHY_HUMAN,,,,175
176,GLUC_HUMAN,,,,176
177,VIP_HUMAN,,,,177
178,SLIB_HUMAN,,,,178
179,INS_HUMAN,,,,179
180,IGF2_HUMAN,,,,180
181,GAST_HUMAN,,,,181
182,TNFB_HUMAN,,,,182
183,TNFA_HUMAN,,,,183
184,IFNA1,,,,184
185,IFNA2_HUMAN,,,,185
186,IFN10_HUMAN,,,,186
187,IFNA7_HUMAN,,,,187
188,IFN21_HUMAN,,,,188
189,IFNA5_HUMAN,,,,189
190,IFN14_HUMAN,,,,190
191,IFN17_HUMAN,,,,191
192,IFNB_HUMAN,,,,192
193,IFNG_HUMAN,,,,193
194,IL1A_HUMAN,,,,194
195,IL1B_HUMAN,,,,195
196,EPO_HUMAN,,,,196
197,IL2RA_HUMAN,To_add,,Cytokine_receptor_add (uniprot),197
198,CD8A_HUMAN,To_comment,Receptor_add,,198
199,CO1A1_HUMAN,,,collagen,199
200,CO2A1_HUMAN,,,collagen,200
201,CO3A1_HUMAN,,,collagen,201
202,CO4A1_HUMAN,,,collagen,202
203,APOA1_HUMAN,,,,203
204,APOE_HUMAN,,,,204
205,APOA2_HUMAN,,,,205
206,FIBA_HUMAN,,,,206
207,FIBB_HUMAN,,,,207
208,FIBG_HUMAN,,,,208
209,ACHA_HUMAN,,,,209
210,FINC_HUMAN,,,,210
211,RET4_HUMAN,,,,211
212,ALBU_HUMAN,,,,212
213,CXCL7_HUMAN,,,,213
214,PLF4_HUMAN,,,,214
215,CXL10_HUMAN,,,,215
216,TFR1_HUMAN,,,,216
217,TRFE_HUMAN,,,,217
218,MIS_HUMAN,,,,218
219,VTNC_HUMAN,,,,219
220,PROC_HUMAN,,,,220
221,ANXA1_HUMAN,,,,221
222,PDGFA_HUMAN,,,,222
223,REL2_HUMAN,,,,223
224,APOB_HUMAN,,,,224
225,CSF2_HUMAN,,,,225
226,THY1_HUMAN,,,,226
227,HG2A_HUMAN,To_comment,Receptor_add,Chemokine_receptor_add,227
228,VWF_HUMAN,,,,228
229,ERBB2_HUMAN,,,,229
230,WNT1_HUMAN,,,,230
231,NTRK1_HUMAN,,,,231
232,IFNW1_HUMAN,,,,232
233,IFNA6_HUMAN,,,,233
234,IFNA4_HUMAN,,,,234
235,IFN16_HUMAN,,,,235
236,IGF1_HUMAN,,,,236
237,A4_HUMAN,To_add,,ligandIUPHAR,237
238,ITB3_HUMAN,,,Migration,238
239,ITB2_HUMAN,To_add,,Integrin (uniprot),239
240,INHA_HUMAN,,,,240
241,IL4_HUMAN,,,,241
242,IL5_HUMAN,,,,242
243,FGF1_HUMAN,,,,243
244,IL6_HUMAN,,,,244
245,ICAM1_HUMAN,To_add | To_comment,,Iglike | ligandIUPHAR,245
246,ITB1_HUMAN,,,Migration,246
247,CO5A2_HUMAN,,,Collagen,247
248,INSR_HUMAN,,,,248
249,LCK_HUMAN,To_comment,Extracellular_add,,249
250,CCKN_HUMAN,,,,250
251,CD2_HUMAN,To_add | To_comment,Receptor_add,Iglike | Receptor_add,251
252,CEAM5_HUMAN,To_comment,Adhesion_add,,252
253,FCER2_HUMAN,,,,253
254,ITAV_HUMAN,To_add | To_comment,Adhesion_add,Migration | Adhesion_add (uniprot),254
255,CRF_HUMAN,,,,255
256,TRBM_HUMAN,To_add,,endothelial cell receptor (uniprot),256
257,PDIA1_HUMAN,,,,257
258,CSF1R_HUMAN,,,,258
259,GP1BA_HUMAN,To_add,,a surface membrane protein of platelets (uniprot),259
260,GRP_HUMAN,,,,260
261,ADRB2_HUMAN,,,,261
262,SAP_HUMAN,,,,262
263,RET_HUMAN,,,,263
264,TSP1_HUMAN,To_add | To_comment,Extracellular_add,Adhesive glycoprotein that mediates cell-to-cell and cell-to-matrix interactions (uniprot),264
265,IGF1R_HUMAN,,,,265
266,CO1A2_HUMAN,,,Collagen,266
267,TNR16_HUMAN,To_add,,TNF_receptor_add (uniprot),267
268,ACM2_HUMAN,,,,268
269,ACM4_HUMAN,,,,269
270,DAF_HUMAN,,,,270
271,MMP2_HUMAN,,,,271
272,INHBA_HUMAN,,,,272
273,ITA2B_HUMAN,To_add,,Integrin (uniprot),273
274,CO4A2_HUMAN,,,Collagen,274
275,PTPRC_HUMAN,To_add | To_comment,transmembrane_add | extracellular_add,Uniprot: Protein tyrosine-protein phosphatase required for T-cell activation,275
276,MET_HUMAN,To_add | To_comment,transmembrane_add | receptor_add | extracellular_add,,276
277,ADRB1_HUMAN,,,,277
278,FGF4_HUMAN,,,,278
279,ITA5_HUMAN,To_add,,Integrin (uniprot),279
280,IL3_HUMAN,,,,280
281,IL6RA_HUMAN,,,,281
282,5HT1A_HUMAN,,,,282
283,ACM5_HUMAN,,,,283
284,ADA2A_HUMAN,,,,284
285,NMB_HUMAN,,,,285
286,FGF2_HUMAN,,,,286
287,DOPO_HUMAN,,,,287
288,CD48_HUMAN,To_comment,Extracellular_add,,288
289,GROA_HUMAN,,,,289
290,INHBB_HUMAN,,,,290
291,WNT2_HUMAN,,,,291
292,CSF1_HUMAN,,,,292
293,PGFRB_HUMAN,To_comment,,Migration,293
294,GIP_HUMAN,,,,294
295,SECR_HUMAN,,,,295
296,LOX5_HUMAN,To_add,,,296
297,CSF3_HUMAN,,,,297
298,CO4A_HUMAN,,,,298
299,NPS_HUMAN,,,,299
300,CFC1_HUMAN,,,,300
301,SAA1_HUMAN,,,,301
302,ELA_HUMAN,,,,302
303,AA3R_HUMAN,,,,303
304,CALCB_HUMAN,,,,304
305,IL8_HUMAN,,,,305
306,CCL3_HUMAN,,,,306
307,OSTP_HUMAN,,,,307
308,TGFB3_HUMAN,To_add | To_comment,extracellular_add,TGFbeta_family | ligandIUPHAR,308
309,KIT_HUMAN,,,,309
310,CD28_HUMAN,To_add | To_comment,Extracellular_add,Iglike,310
311,FGF6_HUMAN,,,,311
312,CLUS_HUMAN,,,,312
313,GHR_HUMAN,,,,313
314,CD8B_HUMAN,To_comment,Receptor_add,,314
315,IAPP_HUMAN,,,,315
316,LAMC1_HUMAN,,,laminin,316
317,ITAM_HUMAN,To_add,,Integrin (uniprot),317
318,ACM1_HUMAN,,,,318
319,BCR_HUMAN,,,,319
320,FGFR1_HUMAN,To_comment,,Migration,320
321,FGF3_HUMAN,,,,321
322,MPRI_HUMAN,To_add | To_comment,transmembrane_add | receptor_add | extracellular_add,,322
323,FGF5_HUMAN,,,,323
324,COBA1_HUMAN,,,Collagen,324
325,CO6A1_HUMAN,,,Collagen,325
326,CO6A2_HUMAN,,,Collagen,326
327,CO6A3_HUMAN,,,Collagen,327
328,PTHR_HUMAN,,,,328
329,BMP2_HUMAN,,,,329
330,BMP4_HUMAN,,,,330
331,CADH1_HUMAN,,,Cadherin,331
332,MOTI_HUMAN,,,,332
333,GP1BB_HUMAN,To_add,,surface membrane protein of platelets (uniprot),333
334,IL7_HUMAN,,,,334
335,CCL4_HUMAN,,,,335
336,TDGF1_HUMAN,,,,336
337,CCL2_HUMAN,,,,337
338,CCL5_HUMAN,,,,338
339,NCAM1_HUMAN,,,,339
340,ICAM2_HUMAN,To_add | To_comment,Extracellular_add,Iglike | ligandIUPHAR,340
341,ITA4_HUMAN,To_add,,Integrin (uniprot),341
342,CEAM1_HUMAN,To_comment,Extracellular_add,Migration,342
343,ONCM_HUMAN,,,,343
344,HLAE_HUMAN,To_add | To_comment,Extracellular_add,Iglike,344
345,COBA2_HUMAN,,,Collagen,345
346,ADRB3_HUMAN,,,,346
347,LYAM1_HUMAN,To_add,,Cell surface adhesion protein (uniprot),347
348,CD99_HUMAN,To_add,,Involved in T-cell adhesion (uniprot),348
349,HGF_HUMAN,To_add | To_comment,secreted_add | secreted_high | extracellular_add,"Uniprot: Potent mitogen for mature parenchymal hepatocyte cells, seems to be a hepatotrophic factor, and acts as a growth factor for a broad spectrum of tissues and cell types.",349
350,DRD2_HUMAN,,,,350
351,PA2GA_HUMAN,,,,351
352,IL1R1_HUMAN,,,,352
353,IL2RB_HUMAN,To_add,,cytokine_receptor,353
354,LIF_HUMAN,,,,354
355,PVR_HUMAN,,,,355
356,IL9_HUMAN,,,,356
357,INGR1_HUMAN,,,,357
358,EZRI_HUMAN,,,,358
359,CSF2R_HUMAN,,,,359
360,AREG_HUMAN,To_add | To_comment,secreted_add | secreted_high | extracellular_add,"Uniprot: Ligand of the EGF receptor/EGFR. Autocrine growth factor as well as a mitogen for a broad range of target cells including astrocytes, Schwann cells and fibroblasts.",360
361,MCP_HUMAN,To_add,,costimulatory factor (uniprot),361
362,VEGFA_HUMAN,,,,362
363,CD1D_HUMAN,,,,363
364,ANPRA_HUMAN,To_add,,Receptor (uniprot),364
365,CD44_HUMAN,,,,365
366,LYAM3_HUMAN,To_add,,Ca2+-dependent receptor (uniprot),366
367,ITB4_HUMAN,,,Integrin,367
368,LEUK_HUMAN,To_add | To_comment,transmembrane_add | extracellular_add,Uniprot: cell surface sialoprotein,368
369,PGFRA_HUMAN,,,,369
370,PECA1_HUMAN,,,,370
371,CTLA4_HUMAN,To_comment,Extracellular_add,,371
372,DPEP1_HUMAN,,,,372
373,PRLR_HUMAN,To_add,,cytokine_receptor,373
374,TSHR_HUMAN,,,,374
375,LYAM2_HUMAN,,,,375
376,CCL3L1,,,,376
377,CD36_HUMAN,,,,377
378,IL7RA_HUMAN,,,,378
379,INAR1_HUMAN,,,,379
380,ITA2_HUMAN,To_add,,Integrin (uniprot),380
381,HLAG_HUMAN,To_add | To_comment,Extracellular_add | Receptor_add,Iglike,381
382,ACHB2_HUMAN,,,,382
383,LEG3_HUMAN,,,,383
384,IBP3_HUMAN,,,,384
385,VGFR1_HUMAN,,,Migration,385
386,BMP7_HUMAN,,,,386
387,ITB5_HUMAN,To_add,,Integrin (uniprot),387
388,ADA2B_HUMAN,To_remove,,no ensembl,388
389,PACA_HUMAN,,,,389
390,IL1RA_HUMAN,,,,390
391,ITB6_HUMAN,To_add,,Integrin (uniprot),391
392,LAG3_HUMAN,To_add | To_comment,,Iglike | Possible_receptor,392
393,ADA2C_HUMAN,,,,393
394,CADH2_HUMAN,,,Migration,394
395,EPOR_HUMAN,,,,395
396,LFA3_HUMAN,To_comment,Extracellular_add,,396
397,VCAM1_HUMAN,To_add | To_comment,,Iglike | ligandIUPHAR,397
398,TNR1A_HUMAN,,,,398
399,GGT1_HUMAN,,,,399
400,CEL_HUMAN,To_remove,,no ensembl,400
401,CXCL2_HUMAN,,,,401
402,CXCL3_HUMAN,,,,402
403,CR2_HUMAN,To_add,,Receptor for complement C3Dd (uniprot),403
404,CD22_HUMAN,To_comment,Receptor_add,,404
405,AL5AP_HUMAN,To_add,,,405
406,ACM3_HUMAN,,,,406
407,TNR1B_HUMAN,,,,407
408,TKN1_HUMAN,,,,408
409,MCH_HUMAN,,,,409
410,TRH_HUMAN,,,,410
411,ITAL_HUMAN,To_comment,Extracellular_add,Integrin,411
412,ITAX_HUMAN,To_add,,Integrin (uniprot),412
413,NTF3_HUMAN,,,,413
414,IL11_HUMAN,,,,414
415,EFNA1_HUMAN,To_comment,extracellular_add,ligandIUPHAR,415
416,CO9A1_HUMAN,,,Collagen,416
417,CO5A1_HUMAN,,,Collagen,417
418,PTN_HUMAN,,,,418
419,NK2R_HUMAN,,,,419
420,FPR1_HUMAN,,,,420
421,CNR1_HUMAN,,,,421
422,SCF_HUMAN,,,,422
423,EPHA1_HUMAN,,,,423
424,DRD1_HUMAN,,,,424
425,C5AR1_HUMAN,,,,425
426,TA2R_HUMAN,,,,426
427,MK_HUMAN,,,,427
428,FGF7_HUMAN,,,,428
429,FGFR2_HUMAN,,,,429
430,CD72_HUMAN,To_add | To_comment,Extracellular_add,Plays a role in B-cell proliferation and differentiation (uniprot),430
431,ERBB3_HUMAN,,,,431
432,DRD4_HUMAN,,,,432
433,DRD5_HUMAN,,,,433
434,BMP5_HUMAN,,,,434
435,BMP6_HUMAN,,,,435
436,CADH3_HUMAN,,,Cadherin,436
437,IL10_HUMAN,,,,437
438,CCL1_HUMAN,,,,438
439,FGFR4_HUMAN,,,Migration,439
440,GALA_HUMAN,,,,440
441,FGFR3_HUMAN,,,,441
442,LSHR_HUMAN,,,,442
443,MRC1_HUMAN,,,,443
444,ITA6_HUMAN,,,Integrin,444
445,PTPRZ_HUMAN,,,,445
446,TNFL4_HUMAN,To_add,,ligandIUPHAR,446
447,BDNF_HUMAN,,,,447
448,FSHR_HUMAN,,,,448
449,IL4RA_HUMAN,,,,449
450,TENA_HUMAN,,,,450
451,HRH2_HUMAN,,,,451
452,CXCR1_HUMAN,,,,452
453,CXCR2_HUMAN,,,,453
454,CD24_HUMAN,,,cancer antigen,454
455,CO8A2_HUMAN,,,Collagen,455
456,FPR3_HUMAN,,,,456
457,FPR2_HUMAN,,,,457
458,ADA1D_HUMAN,,,,458
459,NK1R_HUMAN,,,,459
460,ACKR3_HUMAN,To_comment,Receptor_add,CoReceptor_Acts as coreceptor with CXCR4 for a restricted number of HIV isolates (uniprot),460
461,TNR6_HUMAN,,,,461
462,CO5A3_HUMAN,,,Collagen,462
463,TNR5_HUMAN,To_comment,Extracellular_add,,463
464,ITA3_HUMAN,,,Integrin,464
465,ITB7_HUMAN,To_add,,Integrin (uniprot),465
466,ITB8_HUMAN,To_add,,Integrin (uniprot),466
467,CNTF_HUMAN,To_add,,ligandIUPHAR,467
468,NKG2A_HUMAN,To_add | To_comment,Extracellular_add,KLR_add (uniprot),468
469,NKG2C_HUMAN,To_add | To_comment,Extracellular_add,KLR_add (uniprot),469
470,NKG2D_HUMAN,To_comment,Extracellular_add,,470
471,CD27_HUMAN,To_add,,Cytokine_receptor_add (uniprot),471
472,HGFL_HUMAN,To_remove,,no ensembl,472
473,IL3RA_HUMAN,To_add,,cytokine_receptor,473
474,CNTFR_HUMAN,,,,474
475,AVR2A_HUMAN,To_add,,complex (uniprot),475
476,DPP4_HUMAN,,,,476
477,GDF1_HUMAN,,,,477
478,CO8A1_HUMAN,,,Collagen,478
479,IL1R2_HUMAN,,,,479
480,5HT1D_HUMAN,,,,480
481,5HT1B_HUMAN,,,,481
482,5HT2A_HUMAN,,,,482
483,5HT2C_HUMAN,,,,483
484,NMBR_HUMAN,,,,484
485,5HT1E_HUMAN,,,,485
486,CD34_HUMAN,To_add,,Possible adhesion molecule (uniprot),486
487,CD38_HUMAN,To_add,,moonlights as a receptor in cells of the immune system (uniprot),487
488,TNR8_HUMAN,,,,488
489,AA2AR_HUMAN,,,,489
490,AA2BR_HUMAN,,,,490
491,EPHA2_HUMAN,,,Migration,491
492,EPHA3_HUMAN,,,Migration,492
493,EPHA8_HUMAN,,,,493
494,EPHB2_HUMAN,To_comment,Adhesion_add,,494
495,NK3R_HUMAN,,,,495
496,CO4A5_HUMAN,,,Collagen,496
497,IL12A_HUMAN,,,,497
498,IL12B_HUMAN,,,,498
499,CD40L_HUMAN,,,,499
500,CD6_HUMAN,,,,500
501,BKRB2_HUMAN,,,,501
502,HLAF_HUMAN,To_add,,Iglike,502
503,V2R_HUMAN,,,,503
504,UFO_HUMAN,,,,504
505,ACHA5_HUMAN,,,,505
506,AA1R_HUMAN,,,,506
507,GRPR_HUMAN,,,,507
508,AGTR1_HUMAN,,,,508
509,OXYR_HUMAN,,,,509
510,SSR1_HUMAN,,,,510
511,SSR2_HUMAN,,,,511
512,ACHB4_HUMAN,,,,512
513,5HT1F_HUMAN,,,,513
514,GNRHR_HUMAN,,,,514
515,CALCR_HUMAN,,,,515
516,NEUT_HUMAN,,,,516
517,CD52_HUMAN,,,,517
518,FGF9_HUMAN,,,,518
519,SSR4_HUMAN,,,Migration,519
520,IL2RG_HUMAN,To_add,,cytokine_receptor,520
521,CEAM8_HUMAN,To_comment,Adhesion_add,,521
522,L1CAM_HUMAN,,,,522
523,CCKAR_HUMAN,,,,523
524,GASR_HUMAN,,,,524
525,VIPR1_HUMAN,,,,525
526,MC4R_HUMAN,,,,526
527,CCR1_HUMAN,,,,527
528,CCR7_HUMAN,,,,528
529,ACHA3_HUMAN,,,,529
530,CXCR5_HUMAN,,,,530
531,SSR3_HUMAN,,,,531
532,IFNA8_HUMAN,,,,532
533,IL3RB_HUMAN,To_add,,cytokine_receptor,533
534,ICAM3_HUMAN,To_add | To_comment,Extracellular_add,Iglike,534
535,CD70_HUMAN,To_add | To_comment,secreted_highlight,Cytokine that binds to CD27 (uniprot),535
536,TNFL8_HUMAN,To_add,,ligandIUPHAR,536
537,MC5R_HUMAN,,,,537
538,CADH5_HUMAN,,,Cadherin,538
539,CD80_HUMAN,To_add | To_comment,Extracellular_add,Iglike,539
540,NTF4_HUMAN,,,,540
541,RYK_HUMAN,To_remove,,no ensembl,541
542,5HT7R_HUMAN,,,,542
543,CNR2_HUMAN,,,,543
544,TRFR_HUMAN,,,,544
545,PE2R1_HUMAN,,,,545
546,CRFR1_HUMAN,,,,546
547,BTC_HUMAN,,,,547
548,IL13_HUMAN,,,,548
549,ADML_HUMAN,,,,549
550,SSR5_HUMAN,,,,550
551,ADA1A_HUMAN,,,,551
552,HRH1_HUMAN,,,,552
553,ADA1B_HUMAN,,,,553
554,OPRM_HUMAN,,,,554
555,PE2R4_HUMAN,,,,555
556,APJ_HUMAN,,,,556
557,DRD3_HUMAN,,,,557
558,FBN1_HUMAN,,,,558
559,BASI_HUMAN,,,Possible_receptor,559
560,VGFR3_HUMAN,,,,560
561,VGFR2_HUMAN,,,,561
562,ACHA7_HUMAN,,,,562
563,FLT3_HUMAN,To_add | To_comment,Extracellular_add,Iglike,563
564,BMR1A_HUMAN,To_add | To_comment,Extracellular_add,complex (uniprot),564
565,ACV1B_HUMAN,,,IUPHAR,565
566,TGFR1_HUMAN,,,,566
567,TNR3_HUMAN,To_add,,TNF_receptor_add (uniprot),567
568,ACVL1_HUMAN,,,,568
569,TGFR2_HUMAN,,,,569
570,V1AR_HUMAN,,,,570
571,INGR2_HUMAN,,,,571
572,ITAE_HUMAN,To_add,,Integrin (uniprot),572
573,COFA1_HUMAN,,,Collagen,573
574,COIA1_HUMAN,,,Collagen,574
575,GDNF_HUMAN,,,,575
576,IL6RB_HUMAN,,,,576
577,CEAM6_HUMAN,To_comment,Adhesion_add,,577
578,TACT_HUMAN,To_add | To_comment,Receptor_add | Extracellular_add,Iglike | Receptor_add,578
579,TPO_HUMAN,,,,579
580,TPOR_HUMAN,,,,580
581,IL15_HUMAN,,,,581
582,OPRD_HUMAN,,,,582
583,OPRK_HUMAN,,,,583
584,OPRX_HUMAN,,,,584
585,LEP_HUMAN,,,,585
586,OX2G_HUMAN,To_comment,Extracellular_add,,586
587,WNT5A_HUMAN,,,,587
588,TNFL9_HUMAN,To_add,,ligandIUPHAR,588
589,VIPR2_HUMAN,,,,589
590,5HT2B_HUMAN,,,,590
591,CCR2_HUMAN,,,,591
592,MC3R_HUMAN,,,,592
593,CD86_HUMAN,To_comment,Extracellular_add,,593
594,ASIP_HUMAN,,,,594
595,I12R1_HUMAN,To_add,,cytokine_receptor,595
596,LIFR_HUMAN,,,,596
597,CXCL5_HUMAN,,,,597
598,GDF5_HUMAN,,,,598
599,PF2R_HUMAN,,,,599
600,PE2R3_HUMAN,,,,600
601,PE2R2_HUMAN,,,,601
602,PI2R_HUMAN,,,,602
603,DCC_HUMAN,To_add,,Iglike,603
604,GLP1R_HUMAN,,,,604
605,TNR4_HUMAN,To_add,,TNF_receptor_add (uniprot),605
606,KI2L1_HUMAN,To_comment,Extracellular_add,,606
607,KI2L3_HUMAN,To_comment,Extracellular_add,,607
608,KI3L1_HUMAN,To_comment,Extracellular_add,,608
609,KI3L2_HUMAN,To_comment,Extracellular_add,,609
610,ACHA4_HUMAN,,,,610
611,GPR1_HUMAN,,,,611
612,CCR10_HUMAN,,,,612
613,XCR1_HUMAN,,,,613
614,5HT3A_HUMAN,,,,614
615,BAG6_HUMAN,To_add | To_comment,Extracellular_add,complex,615
616,NOTC1_HUMAN,,,,616
617,BKRB1_HUMAN,,,Migration,617
618,GALR1_HUMAN,,,,618
619,GLR_HUMAN,,,,619
620,SCTR_HUMAN,,,,620
621,5HT5A_HUMAN,,,,621
622,V1BR_HUMAN,,,,622
623,XCL1_HUMAN,,,,623
624,TNFL6_HUMAN,,,,624
625,MTR1A_HUMAN,,,,625
626,SDF1_HUMAN,,,,626
627,NPBW1_HUMAN,,,,627
628,NPBW2_HUMAN,,,,628
629,LEPR_HUMAN,To_comment,Receptor_add,,629
630,GIPR_HUMAN,,,,630
631,INAR2_HUMAN,,,,631
632,NMU_HUMAN,,,,632
633,CD97_HUMAN,,,,633
634,PTH2R_HUMAN,,,,634
635,CX3C1_HUMAN,,,,635
636,MTR1B_HUMAN,,,,636
637,CXCR3_HUMAN,,,,637
638,PRLHR_HUMAN,,,,638
639,GPR15_HUMAN,,,,639
640,PLGF_HUMAN,,,,640
641,VEGFB_HUMAN,,,,641
642,VEGFC_HUMAN,,,,642
643,FLT3L_HUMAN,,,,643
644,ENTP1_HUMAN,To_add | To_comment,transmembrane_add | extracellular_add,,644
645,AGTR2_HUMAN,,,,645
646,5HT6R_HUMAN,,,,646
647,TNF10_HUMAN,To_add,,ligandIUPHAR,647
648,INSL3_HUMAN,,,,648
649,GPC3_HUMAN,,,,649
650,CCL11_HUMAN,,,,650
651,CCR3_HUMAN,,,,651
652,CCR4_HUMAN,,,,652
653,CCR5_HUMAN,,,,653
654,CCR6_HUMAN,,,,654
655,CCR8_HUMAN,,,,655
656,CCR9_HUMAN,,,,656
657,PLXA3_HUMAN,,,,657
658,GP143_HUMAN,,,,658
659,EFNA3_HUMAN,To_comment,extracellular_add,,659
660,EFNA4_HUMAN,,,,660
661,EFNB2_HUMAN,To_add,,ligandIUPHAR,661
662,EFNA5_HUMAN,To_comment,extracellular_add,,662
663,CO4A4_HUMAN,,,Collagen,663
664,ITA8_HUMAN,,,Integrin,664
665,MOT1_HUMAN,,,,665
666,EPHB3_HUMAN,To_comment,Adhesion_add,Migration,666
667,EPHA5_HUMAN,To_comment,Adhesion_add,,667
668,EPHB4_HUMAN,To_comment,Adhesion_add,,668
669,EPHB1_HUMAN,,,,669
670,EPHA4_HUMAN,,,,670
671,GAS1_HUMAN,,,,671
672,IOD3_HUMAN,,,,672
673,FGF8_HUMAN,,,,673
674,UCN1_HUMAN,,,,674
675,INHBC_HUMAN,,,,675
676,GDF10_HUMAN,,,,676
677,CADH6_HUMAN,,,Cadherin,677
678,CCL23_HUMAN,,,,678
679,CCL18_HUMAN,,,,679
680,FCGRN_HUMAN,,,,680
681,GFRA1_HUMAN,,,,681
682,ITA1_HUMAN,To_add,,Integrin (uniprot),682
683,WNT3_HUMAN,,,,683
684,WNT3A_HUMAN,,,,684
685,WNT4_HUMAN,,,,685
686,WNT7B_HUMAN,,,,686
687,NRG3_HUMAN,,,,687
688,JAM2_HUMAN,To_comment,Adhesion_add,,688
689,INHBE_HUMAN,,,,689
690,PROK1_HUMAN,,,,690
691,LIRA4_HUMAN,To_add,,Iglike,691
692,IL2_HUMAN,,,,692
693,CXCR4_HUMAN,,,,693
694,SMS_HUMAN,,,,694
695,B2MG_HUMAN,To_add,,Iglike,695
696,TGFB2_HUMAN,,,,696
697,PPIA_HUMAN,,,,697
698,SHPS1_HUMAN,To_add | To_comment,Receptor_add | Extracellular_add,Iglike | Receptor_add,698
699,X3CL1_HUMAN,,,,699
700,JAG1_HUMAN,To_add | To_comment,transmembrane_add | extracellular_add,,700
701,RELN_HUMAN,,,,701
702,I13R1_HUMAN,To_add,,cytokine_receptor,702
703,CCL20_HUMAN,,,,703
704,CCL8_HUMAN,,,,704
705,CCL7_HUMAN,,,,705
706,CXCL6_HUMAN,,,,706
707,NGAL_HUMAN,,,,707
708,DLK1_HUMAN,To_add | To_comment,transmembrane_add | extracellular_add,,708
709,PRRP_HUMAN,,,,709
710,VLDLR_HUMAN,To_add,,Binds VLDL (uniprot),710
711,EFNB1_HUMAN,To_add | To_comment,transmembrane_add | extracellular_add,Uniprot: Binds to the receptor tyrosine kinases EPHB1 and EPHA1.,711
712,NDP_HUMAN,,,,712
713,IL9R_HUMAN,,,,713
714,IL5RA_HUMAN,To_add,,cytokine_receptor,714
715,ILRL1_HUMAN,,,,715
716,ACTHR_HUMAN,,,,716
717,MSHR_HUMAN,,,,717
718,CO4A3_HUMAN,,,Collagen,718
719,ROR1_HUMAN,To_add,,Iglike,719
720,ROR2_HUMAN,,,,720
721,TNR17_HUMAN,,,,721
722,NRG1_HUMAN,,,,722
723,CO7A1_HUMAN,,,Collagen,723
724,DSG1_HUMAN,,,desmosome junctions,724
725,DSC2_HUMAN,,,desmosome junctions,725
726,GHRHR_HUMAN,,,,726
727,TIE2_HUMAN,,,,727
728,TGBR3_HUMAN,,,Migration,728
729,UPAR_HUMAN,,,,729
730,PTH1R_HUMAN,,,,730
731,COAA1_HUMAN,,,Collagen,731
732,NOTC2_HUMAN,,,,732
733,ACVR1_HUMAN,To_add,,Receptor for activin. (uniprot),733
734,RON_HUMAN,To_add,,Receptor tyrosine kinase that transduces signals from the extracellular matrix into the cytoplasm by binding to MST1 ligand. (uniprot),734
735,COEA1_HUMAN,,,Collagen,735
736,ACHB3_HUMAN,,,,736
737,TYRO3_HUMAN,,,,737
738,TNFC_HUMAN,To_add,,ligandIUPHAR,738
739,TNR9_HUMAN,To_add,,TNF_receptor_add (uniprot),739
740,COGA1_HUMAN,,,Collagen,740
741,CXCL9_HUMAN,,,,741
742,NKG2E_HUMAN,To_add,,KLR_add (uniprot),742
743,I10R2_HUMAN,To_add,,cytokine_receptor,743
744,DSC1_HUMAN,,,desmosome junctions,744
745,CD47_HUMAN,To_comment,Receptor_add | Extracellular_add,,745
746,FGL1_HUMAN,,,,746
747,APOBR_HUMAN,,,,747
748,BST2_HUMAN,,,,748
749,CNTN1_HUMAN,,,,749
750,MERTK_HUMAN,To_add,,Iglike,750
751,KLRB1_HUMAN,To_add | To_comment,Extracellular_add,KLR_add (uniprot),751
752,IL24_HUMAN,,,,752
753,KLRD1_HUMAN,To_add,,KLR_add (uniprot),753
754,PD2R_HUMAN,,,,754
755,I15RA_HUMAN,To_add,,Cytokine_receptor (uniprot),755
756,SEM3F_HUMAN,,,,756
757,GPR17_HUMAN,,,,757
758,CRFR2_HUMAN,,,,758
759,PTPRS_HUMAN,To_add,,Iglike,759
760,ITAD_HUMAN,To_add,,Integrin,760
761,FZD5_HUMAN,To_comment,Extracellular_add,,761
762,MADCA_HUMAN,To_add | To_comment,extracellular_add,ligandIUPHAR,762
763,IL18R_HUMAN,To_add,,Iglike,763
764,PNOC_HUMAN,,,,764
765,SEM5A_HUMAN,To_add | To_comment,,Ligand for receptor PLXNB3. (uniprot),765
766,5HT4R_HUMAN,,,,766
767,I10R1_HUMAN,To_add,,cytokine_receptor,767
768,ITA7_HUMAN,To_add | To_comment,Adhesion_add,Migration | Adhesion_add (uniprot),768
769,AVR2B_HUMAN,,,IUPHAR,769
770,CD166_HUMAN,To_comment,Extracellular_add,,770
771,ITA9_HUMAN,To_add,,Integrin,771
772,BMPR2_HUMAN,,,,772
773,CO4A6_HUMAN,,,Collagen,773
774,CO9A3_HUMAN,,,Collagen,774
775,CO9A2_HUMAN,,,Collagen,775
776,LRP8_HUMAN,,,,776
777,IL18_HUMAN,,,,777
778,DSG2_HUMAN,,,desmosome junctions,778
779,IL27B_HUMAN,,,,779
780,SELPL_HUMAN,To_add,,calcium-dependent interactions with E-,780
781,FZD2_HUMAN,To_comment,Extracellular_add,,781
782,GAS6_HUMAN,,,,782
783,SEM3A_HUMAN,,,,783
784,DSC3_HUMAN,,,desmosome junctions,784
785,IHH_HUMAN,,,,785
786,I11RA_HUMAN,To_add,,cytokine_receptor,786
787,I13R2_HUMAN,To_add,,cytokine_receptor,787
788,ICAM4_HUMAN,,,,788
789,KI3S1_HUMAN,,,,789
790,COJA1_HUMAN,,,Collagen,790
791,PDCD1_HUMAN,To_add | To_comment,Iglike | Receptor | Extracellular_add,Uniprot description,791
792,PVRL1_HUMAN,,,,792
793,ERBB4_HUMAN,,,Migration,793
794,EPHA7_HUMAN,To_comment,Adhesion_add,,794
795,ANGP1_HUMAN,,,,795
796,SHH_HUMAN,,,,796
797,LT4R1_HUMAN,,,,797
798,AAAT_HUMAN,,,,798
799,CD226_HUMAN,To_comment,Extracellular_add,,799
800,EFNB3_HUMAN,To_add,,ligandIUPHAR,800
801,ACHA2_HUMAN,,,,801
802,ACHA6_HUMAN,,,,802
803,ADIPO_HUMAN,,,,803
804,NTRK3_HUMAN,To_add,,Iglike,804
805,IL17_HUMAN,,,,805
806,ACKR1_HUMAN,To_add,,Atypical chemokine receptor (uniprot),806
807,C3AR_HUMAN,,,,807
808,CALRL_HUMAN,,,,808
809,NTRK2_HUMAN,,,,809
810,CCL14_HUMAN,,,,810
811,CCL15_HUMAN,,,,811
812,AMHR2_HUMAN,To_add,,receptor complex (uniprot),812
813,LAMA3_HUMAN,,,laminin,813
814,COOA1_HUMAN,,,Collagen,814
815,MICB_HUMAN,To_comment,Extracellular_add,,815
816,MICA_HUMAN,,,,816
817,RSPO4_HUMAN,,,,817
818,RSPO1_HUMAN,,,,818
819,COSA1_HUMAN,,,Collagen,819
820,HFE_HUMAN,,,HLA,820
821,TIGIT_HUMAN,To_comment,Extracellular_add,,821
822,CDON_HUMAN,,,,822
823,TRML2_HUMAN,,,,823
824,SFRP5_HUMAN,,,,824
825,ARTN_HUMAN,,,,825
826,CODA1_HUMAN,,,Collagen,826
827,IL23R_HUMAN,,,,827
828,RET1L_HUMAN,,,,828
829,CD276_HUMAN,To_add | To_comment,,Iglike | Possible_receptor,829
830,NR3L1_HUMAN,To_comment,Extracellular_add,,830
831,SFRP4_HUMAN,,,,831
832,LAIR1_HUMAN,,,,832
833,RET1G_HUMAN,,,,833
834,SIGIR_HUMAN,To_add,,Iglike,834
835,GDF6_HUMAN,,,,835
836,CSPG4_HUMAN,,,Migration,836
837,CLC2A_HUMAN,To_comment,Extracellular_add,,837
838,IGFL1_HUMAN,,,,838
839,EPGN_HUMAN,,,,839
840,I27RA_HUMAN,To_add,,cytokine_receptor,840
841,IGFL2_HUMAN,,,,841
842,IGFL3_HUMAN,,,,842
843,I20RB_HUMAN,To_add,,cytokine_receptor,843
844,RSPO2_HUMAN,,,,844
845,UNC5D_HUMAN,,,,845
846,NPSR1_HUMAN,,,,846
847,SOSD1_HUMAN,,,,847
848,NSMF_HUMAN,,,,848
849,SIG15_HUMAN,To_add | To_comment,Adhesion_add,Iglike,849
850,SCAR5_HUMAN,,,,850
851,IL34_HUMAN,,,,851
852,UNC5A_HUMAN,,,,852
853,5HT3D_HUMAN,,,,853
854,UTS2B_HUMAN,,,,854
855,CTSR4_HUMAN,,,,855
856,ADM2_HUMAN,,,,856
857,GDF7_HUMAN,,,,857
858,BMP8A_HUMAN,,,,858
859,BTLA_HUMAN,To_add,extracellular_add,ligandIUPHAR,859
860,ADR2_HUMAN,,,,860
861,IFNE_HUMAN,,,,861
862,CTSRD_HUMAN,,,,862
863,CTSR3_HUMAN,,,,863
864,TM219_HUMAN,,,,864
865,GPHB5_HUMAN,,,,865
866,KLOTB_HUMAN,,,,866
867,IFNL1_HUMAN,,,,867
868,INLR1_HUMAN,To_add,,cytokine_receptor,868
869,HUNIN_HUMAN,To_remove,,no ensembl,869
870,CORA1_HUMAN,,,Collagen,870
871,IFNL3_HUMAN,,,,871
872,IFNL2_HUMAN,,,,872
873,UNC5B_HUMAN,,,,873
874,CADM3_HUMAN,,,,874
875,LIRB2_HUMAN,To_add,,Iglike,875
876,SFRP1_HUMAN,,,,876
877,I22R1_HUMAN,To_add,,cytokine_receptor,877
878,CD177_HUMAN,To_comment,Adhesion_add,,878
879,NPW_HUMAN,,,,879
880,I17RC_HUMAN,,,,880
881,DGLB_HUMAN,,,,881
882,CTSR1_HUMAN,,,,882
883,ACV1C_HUMAN,To_add,,Receptor for activin AB,883
884,IL27A_HUMAN,,,,884
885,PKR2_HUMAN,,,,885
886,I17RE_HUMAN,,,,886
887,COMA1_HUMAN,,,Collagen,887
888,SEM6D_HUMAN,,,Possible_receptor,888
889,CADM4_HUMAN,To_add,,Iglike,889
890,NPB_HUMAN,,,,890
891,LIRB4_HUMAN,,,,891
892,LIRB1_HUMAN,,,,892
893,PKR1_HUMAN,,,,893
894,N2DL4_HUMAN,To_add,,Binds and activates the KLRK1/NKG2D receptor (uniprot),894
895,MO2R1_HUMAN,,,,895
896,HAVR2_HUMAN,To_add | To_comment,Receptor_add | Extracellular_add,Iglike. Cell surface receptor implicated in modulating innate and adaptive immune responses (uniprot),896
897,OXER1_HUMAN,,,,897
898,RL3R2_HUMAN,,,,898
899,GP151_HUMAN,,,,899
900,S22AH_HUMAN,,,,900
901,NRG4_HUMAN,,,,901
902,IL1FA_HUMAN,,,,902
903,5HT3C_HUMAN,,,,903
904,RXFP2_HUMAN,,,,904
905,REL3_HUMAN,,,,905
906,CLC2B_HUMAN,To_add | To_comment,Extracellular_add,member of the C-type lectin/C-type lectin-like domain (CTL/CTLD) superfamily. NK cell signalling. Reviewed in PMID:24987108,906
907,CCL17_HUMAN,,,,907
908,SORL_HUMAN,To_add,,Likely to be a multifunctional endocytic receptor (uniprot),908
909,PVRL2_HUMAN,To_comment,Extracellular_add,,909
910,SFRP3_HUMAN,,,,910
911,SEM4D_HUMAN,,,,911
912,GSLG1_HUMAN,To_add | To_comment,transmembrane_add | extracellular_add,Uniprot: Binds E-selectin,912
913,TNR14_HUMAN,To_add,,TNF_receptor_add (uniprot),913
914,TNR25_HUMAN,,,,914
915,WNT2B_HUMAN,,,,915
916,WNT8B_HUMAN,,,,916
917,TSLP_HUMAN,,,,917
918,UCN3_HUMAN,,,,918
919,MCHR2_HUMAN,,,,919
920,ADR1_HUMAN,,,,920
921,COQA1_HUMAN,,,Collagen,921
922,TIP39_HUMAN,,,,922
923,ESAM_HUMAN,,,,923
924,KLRG1_HUMAN,,,,924
925,I17RA_HUMAN,,,,925
926,SFRP2_HUMAN,,,,926
927,SIG10_HUMAN,,,Sialic acid-binding Ig-like,927
928,ROBO3_HUMAN,To_add,,Iglike,928
929,PVRL4_HUMAN,,,,929
930,COLA1_HUMAN,,,Collagen,930
931,CTSR2_HUMAN,,,,931
932,GNRR2_HUMAN,To_remove,,no ensembl,932
933,IL17F_HUMAN,,,,933
934,HHIP_HUMAN,,,,934
935,TR13C_HUMAN,To_add,,TNF_receptor_add (uniprot),935
936,UCN2_HUMAN,,,,936
937,NODAL_HUMAN,,,,937
938,GPHA2_HUMAN,,,,938
939,CSF3R_HUMAN,,,,939
940,HBEGF_HUMAN,,,,940
941,NELL2_HUMAN,,,,941
942,NOTC4_HUMAN,,,,942
943,SORT_HUMAN,,,,943
944,GPER1_HUMAN,,,,944
945,CCL13_HUMAN,,,,945
946,OSMR_HUMAN,To_add,,cytokine_receptor,946
947,I12R2_HUMAN,To_add,,cytokine_receptor,947
948,MCHR1_HUMAN,,,,948
949,COCA1_HUMAN,,,Collagen,949
950,CCL19_HUMAN,,,,950
951,NRTN_HUMAN,,,,951
952,CML1_HUMAN,,,,952
953,RARR2_HUMAN,,,,953
954,OMD_HUMAN,,,,954
955,SEM3C_HUMAN,,,,955
956,PD1L2_HUMAN,To_comment,Extracellular_add,,956
957,SPXN_HUMAN,,,,957
958,BOC_HUMAN,,,,958
959,JAM3_HUMAN,,,,959
960,STRA6_HUMAN,,,,960
961,LGR4_HUMAN,,,,961
962,AMNLS_HUMAN,,,,962
963,RSPO3_HUMAN,,,,963
964,CADM1_HUMAN,To_comment,Extracellular_add,,964
965,N2DL3_HUMAN,To_comment,Extracellular_add,,965
966,N2DL2_HUMAN,,,,966
967,N2DL1_HUMAN,To_comment,Receptor_add | Extracellular_add,,967
968,CD244_HUMAN,To_comment,Extracellular_add,,968
969,SN_HUMAN,,,Sialic acid-binding Ig-like,969
970,SEM4C_HUMAN,To_comment,Receptor_add,,970
971,PDGFD_HUMAN,,,,971
972,NMUR2_HUMAN,,,,972
973,WN10A_HUMAN,,,,973
974,FGF23_HUMAN,,,,974
975,IL22_HUMAN,,,,975
976,GFRA4_HUMAN,,,,976
977,WNT8A_HUMAN,,,,977
978,WNT5B_HUMAN,,,,978
979,IL25_HUMAN,,,,979
980,CXL16_HUMAN,,,,980
981,SEM6A_HUMAN,,,Possible_receptor,981
982,CLC4M_HUMAN,,,,982
983,HRH4_HUMAN,,,,983
984,SEM4A_HUMAN,,,,984
985,FZD8_HUMAN,To_comment,Extracellular_add,,985
986,E41L1_HUMAN,To_add,,,986
987,IGFR1_HUMAN,,,,987
988,ILRL2_HUMAN,To_add,,Iglike,988
989,NET4_HUMAN,,,,989
990,NMUR1_HUMAN,,,,990
991,IL21_HUMAN,,,,991
992,IL21R_HUMAN,To_add,,cytokine_receptor,992
993,LGR6_HUMAN,,,,993
994,RXFP1_HUMAN,,,,994
995,PROK2_HUMAN,,,,995
996,CRLF2_HUMAN,,,,996
997,ROBO2_HUMAN,To_add | To_comment,Receptor_add,Iglike | Receptor_add,997
998,PLXA4_HUMAN,,,,998
999,FGF22_HUMAN,,,,999
1000,CD209_HUMAN,,,,1000
1001,TNR12_HUMAN,To_add,,TNF_receptor_add (uniprot),1001
1002,FGF20_HUMAN,,,,1002
1003,ACKR4_HUMAN,,,,1003
1004,LT4R2_HUMAN,,,,1004
1005,IL23A_HUMAN,,,,1005
1006,FZD3_HUMAN,To_comment,Extracellular_add,,1006
1007,IL1AP_HUMAN,,,,1007
1008,IL26_HUMAN,,,,1008
1009,PVRL3_HUMAN,To_comment,Extracellular_add,,1009
1010,GDF3_HUMAN,,,,1010
1011,DLL4_HUMAN,To_comment,extracellular_add,ligandIUPHAR,1011
1012,TLR8_HUMAN,To_add,,TLR (uniprot),1012
1013,PDGFC_HUMAN,,,,1013
1014,CCL28_HUMAN,,,,1014
1015,I17RB_HUMAN,,,,1015
1016,HEBP1_HUMAN,To_add | To_comment,transmembrane_add | extracellular_add,"Genecards: This protein includes a natural chemoattractant peptide of 21 amino acids at the N-terminus, which is a natural ligand for formyl peptide receptor-like receptor 2 (FPRL2) ",1016
1017,CLTR2_HUMAN,,,,1017
1018,FGF21_HUMAN,,,,1018
1019,RL3R1_HUMAN,,,,1019
1020,SEM4G_HUMAN,,,Possible_receptor,1020
1021,DLL3_HUMAN,To_add | To_comment,transmembrane_add | extracellular_add,,1021
1022,IL20_HUMAN,,,,1022
1023,PDXL2_HUMAN,To_add,,Acts as a ligand for vascular selectins. (uniprot),1023
1024,TREM2_HUMAN,,,,1024
1025,IL37_HUMAN,,,,1025
1026,IL36B_HUMAN,,,,1026
1027,IL36G_HUMAN,,,,1027
1028,PD1L1_HUMAN,To_comment,extracellular_add,ligandIUPHAR,1028
1029,KLRF1_HUMAN,To_add | To_comment,Extracellular_add,KLR_add (uniprot),1029
1030,IL17C_HUMAN,,,,1030
1031,IFNK_HUMAN,,,,1031
1032,SIRPG_HUMAN,To_add,,Iglike,1032
1033,COKA1_HUMAN,,,Collagen,1033
1034,C5AR2_HUMAN,,,,1034
1035,GALP_HUMAN,,,,1035
1036,XCL2_HUMAN,,,,1036
1037,CLCF1_HUMAN,,,,1037
1038,I36RA_HUMAN,,,,1038
1039,HCST_HUMAN,To_add,,Transmembrane adapter protein (uniprot),1039
1040,TR10D_HUMAN,To_add,,TNF_receptor_add (uniprot),1040
1041,DKK2_HUMAN,,,,1041
1042,GHRL_HUMAN,,,,1042
1043,WNT16_HUMAN,,,,1043
1044,KLOT_HUMAN,,,,1044
1045,SUSD2_HUMAN,,,,1045
1046,IL36A_HUMAN,,,,1046
1047,IL19_HUMAN,,,,1047
1048,TKNK_HUMAN,,,,1048
1049,I20RA_HUMAN,To_add,,cytokine_receptor,1049
1050,CLC2D_HUMAN,To_comment,Extracellular_add,,1050
1051,PLXA1_HUMAN,,,,1051
1052,GDF2_HUMAN,,,,1052
1053,PILRA_HUMAN,,,,1053
1054,UR2R_HUMAN,,,,1054
1055,ITA11_HUMAN,To_add,,Integrin (uniprot),1055
1056,CADH7_HUMAN,,,Cadherin,1056
1057,PLXB3_HUMAN,,,,1057
1058,FZD4_HUMAN,To_comment,Extracellular_add,,1058
1059,FZD10_HUMAN,To_comment,Extracellular_add,,1059
1060,APEL_HUMAN,,,,1060
1061,NOTC3_HUMAN,,,,1061
1062,ALK_HUMAN,,,,1062
1063,COHA1_HUMAN,,,Collagen,1063
1064,TNF18_HUMAN,To_add,,cytokine,1064
1065,FZD1_HUMAN,To_comment,Extracellular_add,,1065
1066,TFR2_HUMAN,,,,1066
1067,JAG2_HUMAN,To_add | To_comment,transmembrane_add | extracellular_add,Uniprot:Putative Notch ligand involved in the mediation of Notch signaling.,1067
1068,CCL26_HUMAN,,,,1068
1069,ANGP4_HUMAN,,,,1069
1070,CLTR1_HUMAN,,,,1070
1071,TN13B_HUMAN,,,,1071
1072,GPR55_HUMAN,,,,1072
1073,DGLA_HUMAN,,,,1073
1074,PLXD1_HUMAN,,,,1074
1075,CCL27_HUMAN,,,,1075
1076,HRH3_HUMAN,,,,1076
1077,INSL5_HUMAN,,,,1077
1078,TNR18_HUMAN,,,,1078
1079,WIF1_HUMAN,,,,1079
1080,PD2R2_HUMAN,,,,1080
1081,JAM1_HUMAN,To_comment,Extracellular_add,,1081
1082,WNT6_HUMAN,,,,1082
1083,ROBO1_HUMAN,,,,1083
1084,TNR11_HUMAN,,,,1084
1085,ICOS_HUMAN,To_comment,Receptor_add,,1085
1086,CP27B_HUMAN,To_add,,,1086
1087,PGES2_HUMAN,To_add,,,1087
1088,DHC24_HUMAN,To_add,,,1088
1089,CBR1_HUMAN,To_add,,,1089
1090,RARB_HUMAN,To_add,,,1090
1091,RARA_HUMAN,To_add,,,1091
1092,NMDE4_HUMAN,To_add,,,1092
1093,DPEP3_HUMAN,To_add,,,1093
1094,PTC2_HUMAN,To_add,,,1094
1095,KISS1_HUMAN,To_add,,,1095
1096,PXL2B_HUMAN,To_add,,,1096
1097,RABP2_HUMAN,To_add,,,1097
1098,3BHS1_HUMAN,To_add,,,1098
1099,GGT5_HUMAN,To_add,,,1099
1100,H17B6_HUMAN,To_add,,,1100
1101,ADX_HUMAN,To_add,,,1101
1102,NTR1_HUMAN,To_add,,,1102
1103,NPFF1_HUMAN,To_add,,,1103
1104,LTC4S_HUMAN,To_add,,,1104
1105,S5A1_HUMAN,To_add,,,1105
1106,NPY5R_HUMAN,To_add,,,1106
1107,NPY1R_HUMAN,To_add,,,1107
1108,DAG1_HUMAN,To_add,,,1108
1109,CELR3_HUMAN,To_add,,,1109
1110,CLAT_HUMAN,To_add,,,1110
1111,AK1C3_HUMAN,To_add,,,1111
1112,CTSRB_HUMAN,To_add,,,1112
1113,PTGR1_HUMAN,To_add,,,1113
1114,GLRA2_HUMAN,To_add,,,1114
1115,LOX12_HUMAN,To_add,,,1115
1116,C11B2_HUMAN,To_add,,,1116
1117,IRPL1_HUMAN,To_add,,,1117
1118,PTGES_HUMAN,To_add,,,1118
1119,CP17A_HUMAN,To_add,,,1119
1120,KISSR_HUMAN,To_add,,,1120
1121,KREM2_HUMAN,To_add,,,1121
1122,AL1A3_HUMAN,To_add,,,1122
1123,AK1D1_HUMAN,To_add,,,1123
1124,NPY4R_HUMAN,To_add,,,1124
1125,NPY2R_HUMAN,To_add,,,1125
1126,TEBP_HUMAN,To_add,,,1126
1127,EDNRA_HUMAN,To_add,,,1127
1128,ADRO_HUMAN,To_add,,,1128
1129,PYY_HUMAN,To_add,,,1129
1130,KREM1_HUMAN,To_add,,,1130
1131,NMDE1_HUMAN,To_add,,,1131
1132,THAS_HUMAN,To_add,,,1132
1133,FDX2_HUMAN,To_add,,,1133
1134,UBS3B_HUMAN,To_add,,,1134
1135,TYRO_HUMAN,To_add,,,1135
1136,ASMT_HUMAN,To_add,,,1136
1137,EDN2_HUMAN,To_add,,,1137
1138,DHB12_HUMAN,To_add,,,1138
1139,RXRA_HUMAN,To_add,,,1139
1140,RARG_HUMAN,To_add,,,1140
1141,QRFPR_HUMAN,To_add,,,1141
1142,AL1A1_HUMAN,To_add,,,1142
1143,LICH_HUMAN,To_add,,,1143
1144,CP11A_HUMAN,To_add,,,1144
1145,NMS_HUMAN,To_add,,,1145
1146,DCHS_HUMAN,To_add,,,1146
1147,OX26_HUMAN,To_add,,,1147
1148,PTC1_HUMAN,To_add,,,1148
1149,RXRB_HUMAN,To_add,,,1149
1150,GHSR_HUMAN,To_add,,,1150
1151,S5A2_HUMAN,To_add,,,1151
1152,CP3A4_HUMAN,To_add,,,1152
1153,NMDE3_HUMAN,To_add,,,1153
1154,AL1A2_HUMAN,To_add,,,1154
1155,C11B1_HUMAN,To_add,,,1155
1156,REL1_HUMAN,To_add,,,1156
1157,CP19A_HUMAN,To_add,,,1157
1158,DHB1_HUMAN,To_add,,,1158
1159,PAHO_HUMAN,To_add,,,1159
1160,DDC_HUMAN,To_add,,,1160
1161,RXRG_HUMAN,To_add,,,1161
1162,CP21A_HUMAN,To_add,,,1162
1163,ALDR_HUMAN,To_add,,,1163
1164,NMDE2_HUMAN,To_add,,,1164
1165,DHCR7_HUMAN,To_add,,,1165
1166,PERT_HUMAN,To_add,,,1166
1167,PORED_HUMAN,To_add,,,1167
1168,PACR_HUMAN,To_add,,,1168
1169,AGRL1_HUMAN,To_add,,,1169
1170,DHB3_HUMAN,To_add,,,1170
1171,PTGIS_HUMAN,To_add,,,1171
1172,ST2A1_HUMAN,To_add,,,1172
1173,DPEP2_HUMAN,To_add,,,1173
1174,ST1E1_HUMAN,To_add,,,1174
1175,ST1A1_HUMAN,To_add,,,1175
1176,DHRS9_HUMAN,To_add,,,1176
1177,PNMT_HUMAN,To_add,,,1177
1178,LKHA4_HUMAN,To_add,,,1178
1179,5NTD_HUMAN,,,,1179
1180,ACHB_HUMAN,,,,1180
1181,ACHD_HUMAN,,,,1181
1182,ACHE_HUMAN,,,,1182
1183,ACHG_HUMAN,,,,1183
1184,AGRA2_HUMAN,,,,1184
1185,AGRB1_HUMAN,,,,1185
1186,AGRB2_HUMAN,,,,1186
1187,AGRB3_HUMAN,,,,1187
1188,AGRE2_HUMAN,,,,1188
1189,AGRG1_HUMAN,,,,1189
1190,AGRG6_HUMAN,,,,1190
1191,AGRL2_HUMAN,,,,1191
1192,AGRL3_HUMAN,,,,1192
1193,APLP2_HUMAN,,,,1193
1194,APRIO_HUMAN,,,,1194
1195,C1QL2_HUMAN,,,,1195
1196,C1QL3_HUMAN,,,,1196
1197,C1QL4_HUMAN,,,,1197
1198,C1QR1_HUMAN,,,,1198
1199,C1QRF_HUMAN,,,,1199
1200,CATG_HUMAN,Protease,,,1200
1201,CBLN1_HUMAN,,,,1201
1202,CD1B_HUMAN,,,,1202
1203,CD248_HUMAN,Glycoprotein,,,1203
1204,CD320_HUMAN,,,,1204
1205,CGB1_HUMAN,,,,1205
1206,CGB2_HUMAN,,,,1206
1207,CGB3_HUMAN,,,,1207
1208,CGB7_HUMAN,,,,1208
1209,CSTN1_HUMAN,,,,1209
1210,CSTN2_HUMAN,Cadeherin family,,,1210
1211,CSTN3_HUMAN,Cadherin family,,,1211
1212,CXA1_HUMAN,,,,1212
1213,CXA3_HUMAN,,,,1213
1214,CXA5_HUMAN,,,,1214
1215,CXG1_HUMAN,,,,1215
1216,DCE1_HUMAN,,,,1216
1217,DCE2_HUMAN,,,,1217
1218,EAA1_HUMAN,Transporter,,,1218
1219,EAA2_HUMAN,Transporter,,,1219
1220,EAA3_HUMAN,Transporter,,,1220
1221,EAA4_HUMAN,Transporter,,,1221
1222,EAA5_HUMAN,Transporter,,,1222
1223,EDN1_HUMAN,,,,1223
1224,EDN3_HUMAN,,,,1224
1225,EDNRB_HUMAN,,,,1225
1226,FLRT1_HUMAN,,,,1226
1227,FLRT2_HUMAN,,,,1227
1228,FLRT3_HUMAN,,,,1228
1229,GABR1_HUMAN,,,,1229
1230,GABR2_HUMAN,,,,1230
1231,GBRA1_HUMAN,,,,1231
1232,GBRA2_HUMAN,,,,1232
1233,GBRA3_HUMAN,,,,1233
1234,GBRA4_HUMAN,,,,1234
1235,GBRA5_HUMAN,,,,1235
1236,GBRA6_HUMAN,,,,1236
1237,GBRB2_HUMAN,,,,1237
1238,GBRB3_HUMAN,,,,1238
1239,GBRD_HUMAN,,,,1239
1240,GBRE_HUMAN,,,,1240
1241,GBRG2_HUMAN,,,,1241
1242,GBRT_HUMAN,,,,1242
1243,GLRA1_HUMAN,,,,1243
1244,GLRB_HUMAN,,,,1244
1245,GLSK_HUMAN,,,,1245
1246,GLSL_HUMAN,,,,1246
1247,GLYC_HUMAN,,,,1247
1248,GLYM_HUMAN,,,,1248
1249,GPR39_HUMAN,,,,1249
1250,GRIA1_HUMAN,,,,1250
1251,GRIA2_HUMAN,,,,1251
1252,GRIA3_HUMAN,,,,1252
1253,GRIA4_HUMAN,,,,1253
1254,GRID2_HUMAN,,,,1254
1255,GRIK1_HUMAN,,,,1255
1256,GRIK2_HUMAN,,,,1256
1257,GRIK3_HUMAN,,,,1257
1258,GRIK4_HUMAN,,,,1258
1259,GRIK5_HUMAN,,,,1259
1260,GRM1_HUMAN,,,,1260
1261,GRM2_HUMAN,,,,1261
1262,GRM3_HUMAN,,,,1262
1263,GRM4_HUMAN,,,,1263
1264,GRM5_HUMAN,,,,1264
1265,GRM6_HUMAN,,,,1265
1266,GRM7_HUMAN,,,,1266
1267,GRM8_HUMAN,,,,1267
1268,JAML_HUMAN,,,,1268
1269,KI2LA_HUMAN,,,,1269
1270,LAMA2_HUMAN,,,,1270
1271,LPAR1_HUMAN,,,,1271
1272,LPAR2_HUMAN,,,,1272
1273,LPAR3_HUMAN,,,,1273
1274,LRC4B_HUMAN,Cel adhesion molecule,,,1274
1275,LRC4C_HUMAN,Cel adhesion molecule,,,1275
1276,LRFN4_HUMAN,Cel adhesion molecule,,,1276
1277,LRFN5_HUMAN,Cel adhesion molecule,,,1277
1278,LRRT1_HUMAN,Leucine rich repeat,,,1278
1279,LRRT2_HUMAN,Leucine rich repeat,,,1279
1280,LRRT3_HUMAN,Leucine rich repeat,,,1280
1281,LRRT4_HUMAN,Leucine rich repeat,,,1281
1282,MPZL1_HUMAN,,,,1282
1283,MUC18_HUMAN,,,,1283
1284,NCHL1_HUMAN,,,,1284
1285,NLGN1_HUMAN,,,,1285
1286,NLGN2_HUMAN,,,,1286
1287,NLGN3_HUMAN,,,,1287
1288,NLGNX_HUMAN,Cell adhesion,,,1288
1289,NLGNY_HUMAN,,,,1289
1290,NMDZ1_HUMAN,,,,1290
1291,NPFF_HUMAN,,,,1291
1292,NPFF2_HUMAN,,,,1292
1293,NPY_HUMAN,,,,1293
1294,NRCAM_HUMAN,Cell adhesion,,,1294
1295,NRX1A_HUMAN,Involved in cell adhesion,,,1295
1296,NRX1B_HUMAN,Involved in cell adhesion,,,1296
1297,NRX2B_HUMAN,Involved in cell adhesion,,,1297
1298,NRX3B_HUMAN,Involved in cell adhesion,,,1298
1299,NTCP4_HUMAN,Transporter,,,1299
1300,NTR2_HUMAN,,,,1300
1301,OLR1_HUMAN,,,,1301
1302,PAR1_HUMAN,,,,1302
1303,PAR3_HUMAN,,,,1303
1304,PAR4_HUMAN,,,,1304
1305,PI16_HUMAN,,,,1305
1306,PIGR_HUMAN,,,,1306
1307,PTGDS_HUMAN,,,,1307
1308,PTPRD_HUMAN,,,,1308
1309,PTPRF_HUMAN,,,,1309
1310,RTN4R_HUMAN,,,,1310
1311,S29A1_HUMAN,Transporter,,,1311
1312,S29A2_HUMAN,Transporter,,,1312
1313,S29A3_HUMAN,Transporter,,,1313
1314,S29A4_HUMAN,Transporter,,,1314
1315,S6A11_HUMAN,Transporter,,,1315
1316,S6A12_HUMAN,Transporter,,,1316
1317,S6A13_HUMAN,Transporter,,,1317
1318,SC5A7_HUMAN,Transporter,,,1318
1319,SC6A1_HUMAN,Transporter,,,1319
1320,SC6A2_HUMAN,Transporter,,,1320
1321,SC6A3_HUMAN,Transporter,,,1321
1322,SC6A4_HUMAN,Transporter,,,1322
1323,SC6A5_HUMAN,Transporter,,,1323
1324,SC6A6_HUMAN,Transporter,,,1324
1325,SC6A8_HUMAN,Transporter,,,1325
1326,SC6A9_HUMAN,Transporter,,,1326
1327,SDC1_HUMAN,Proteoglycan,,,1327
1328,SDC2_HUMAN,Proteoglycan,,,1328
1329,SFTPD_HUMAN,,,,1329
1330,SLIK1_HUMAN,,,,1330
1331,SLIK2_HUMAN,,,,1331
1332,SLIK3_HUMAN,,,,1332
1333,SLIK4_HUMAN,,,,1333
1334,SLIK5_HUMAN,,,,1334
1335,SLIK6_HUMAN,,,,1335
1336,TAAR1_HUMAN,,,,1336
1337,TEN1_HUMAN,Glycoprotein,,,1337
1338,TEN2_HUMAN,Glycoprotein,,,1338
1339,TEN3_HUMAN,Glycoprotein,,,1339
1340,TEN4_HUMAN,Glycoprotein,,,1340
1341,TGM2_HUMAN,,,,1341
1342,TPH1_HUMAN,,,,1342
1343,TPH2_HUMAN,,,,1343
1344,TX1B3_HUMAN,,,,1344
1345,VACHT_HUMAN,,,,1345
1346,VASN_HUMAN,,,,1346
1347,VGLU1_HUMAN,Transporter,,,1347
1348,VGLU2_HUMAN,Transporter,,,1348
1349,VGLU3_HUMAN,Transporter,,,1349
1350,VIAAT_HUMAN,,,,1350
1351,VISTA_HUMAN,,,,1351
1352,VMAT1_HUMAN,,,,1352
1353,VMAT2_HUMAN,,,,1353
1354,GLHA_HUMAN,,,,1354
